{"r2": 0.9051696276561173, "rmse": 3.5177671227650706, "mae": 2.6826707592010495, "mape": 11.642936309342723, "version": "2.0", "features_count": 25, "training_samples": 800, "test_samples": 200}